{
    "$schema": "https://schema.management.azure.com/schemas/2019-04-01/deploymentTemplate.json#",
    "contentVersion": "1.0.0.0",
    "parameters": {
        "sites_shopingdemo_name": {
            "defaultValue": "shopingdemo",
            "type": "String"
        },
        "serverfarms_ASP_LearningDTr_b5a1_externalid": {
            "defaultValue": "/subscriptions/2b5b24ae-28fc-4fdb-a937-86ff20244345/resourceGroups/Learning-D-Tr/providers/Microsoft.Web/serverfarms/ASP-LearningDTr-b5a1",
            "type": "String"
        }
    },
    "variables": {},
    "resources": [
        {
            "type": "Microsoft.Web/sites",
            "apiVersion": "2021-02-01",
            "name": "[parameters('sites_shopingdemo_name')]",
            "location": "Central India",
            "kind": "app",
            "properties": {
                "enabled": true,
                "hostNameSslStates": [
                    {
                        "name": "[concat(parameters('sites_shopingdemo_name'), '.azurewebsites.net')]",
                        "sslState": "Disabled",
                        "hostType": "Standard"
                    },
                    {
                        "name": "[concat(parameters('sites_shopingdemo_name'), '.scm.azurewebsites.net')]",
                        "sslState": "Disabled",
                        "hostType": "Repository"
                    }
                ],
                "serverFarmId": "[parameters('serverfarms_ASP_LearningDTr_b5a1_externalid')]",
                "reserved": false,
                "isXenon": false,
                "hyperV": false,
                "siteConfig": {
                    "numberOfWorkers": 1,
                    "acrUseManagedIdentityCreds": false,
                    "alwaysOn": false,
                    "http20Enabled": false,
                    "functionAppScaleLimit": 0,
                    "minimumElasticInstanceCount": 1
                },
                "scmSiteAlsoStopped": false,
                "clientAffinityEnabled": true,
                "clientCertEnabled": false,
                "clientCertMode": "Required",
                "hostNamesDisabled": false,
                "customDomainVerificationId": "1D5DD03742B69045CAD39C74F70154BE3EE375078FD78074BDF0BBBCE2D80C17",
                "containerSize": 0,
                "dailyMemoryTimeQuota": 0,
                "httpsOnly": false,
                "redundancyMode": "None",
                "storageAccountRequired": false,
                "keyVaultReferenceIdentity": "SystemAssigned"
            }
        },
        {
            "type": "Microsoft.Web/sites/basicPublishingCredentialsPolicies",
            "apiVersion": "2021-02-01",
            "name": "[concat(parameters('sites_shopingdemo_name'), '/ftp')]",
            "location": "Central India",
            "dependsOn": [
                "[resourceId('Microsoft.Web/sites', parameters('sites_shopingdemo_name'))]"
            ],
            "properties": {
                "allow": true
            }
        },
        {
            "type": "Microsoft.Web/sites/basicPublishingCredentialsPolicies",
            "apiVersion": "2021-02-01",
            "name": "[concat(parameters('sites_shopingdemo_name'), '/scm')]",
            "location": "Central India",
            "dependsOn": [
                "[resourceId('Microsoft.Web/sites', parameters('sites_shopingdemo_name'))]"
            ],
            "properties": {
                "allow": true
            }
        },
        {
            "type": "Microsoft.Web/sites/config",
            "apiVersion": "2021-02-01",
            "name": "[concat(parameters('sites_shopingdemo_name'), '/web')]",
            "location": "Central India",
            "dependsOn": [
                "[resourceId('Microsoft.Web/sites', parameters('sites_shopingdemo_name'))]"
            ],
            "properties": {
                "numberOfWorkers": 1,
                "defaultDocuments": [
                    "Default.htm",
                    "Default.html",
                    "Default.asp",
                    "index.htm",
                    "index.html",
                    "iisstart.htm",
                    "default.aspx",
                    "index.php",
                    "hostingstart.html"
                ],
                "netFrameworkVersion": "v4.0",
                "requestTracingEnabled": false,
                "remoteDebuggingEnabled": false,
                "remoteDebuggingVersion": "VS2019",
                "httpLoggingEnabled": false,
                "acrUseManagedIdentityCreds": false,
                "logsDirectorySizeLimit": 35,
                "detailedErrorLoggingEnabled": false,
                "publishingUsername": "$shopingdemo",
                "scmType": "VSTSRM",
                "use32BitWorkerProcess": true,
                "webSocketsEnabled": false,
                "alwaysOn": false,
                "managedPipelineMode": "Integrated",
                "virtualApplications": [
                    {
                        "virtualPath": "/",
                        "physicalPath": "site\\wwwroot",
                        "preloadEnabled": false
                    }
                ],
                "loadBalancing": "LeastRequests",
                "experiments": {
                    "rampUpRules": []
                },
                "autoHealEnabled": false,
                "vnetRouteAllEnabled": false,
                "vnetPrivatePortsCount": 0,
                "localMySqlEnabled": false,
                "ipSecurityRestrictions": [
                    {
                        "ipAddress": "Any",
                        "action": "Allow",
                        "priority": 1,
                        "name": "Allow all",
                        "description": "Allow all access"
                    }
                ],
                "scmIpSecurityRestrictions": [
                    {
                        "ipAddress": "Any",
                        "action": "Allow",
                        "priority": 1,
                        "name": "Allow all",
                        "description": "Allow all access"
                    }
                ],
                "scmIpSecurityRestrictionsUseMain": false,
                "http20Enabled": false,
                "minTlsVersion": "1.2",
                "scmMinTlsVersion": "1.0",
                "ftpsState": "AllAllowed",
                "preWarmedInstanceCount": 0,
                "functionAppScaleLimit": 0,
                "functionsRuntimeScaleMonitoringEnabled": false,
                "minimumElasticInstanceCount": 1,
                "azureStorageAccounts": {}
            }
        },
        {
            "type": "Microsoft.Web/sites/deployments",
            "apiVersion": "2021-02-01",
            "name": "[concat(parameters('sites_shopingdemo_name'), '/a198eb35a113463d89ed96b062e5cbf7')]",
            "location": "Central India",
            "dependsOn": [
                "[resourceId('Microsoft.Web/sites', parameters('sites_shopingdemo_name'))]"
            ],
            "properties": {
                "status": 4,
                "author_email": "N/A",
                "author": "N/A",
                "deployer": "VSTS",
                "message": "{\"type\":\"deployment\",\"commitId\":\"9ae49be730bc244265b01c78aff0feee0854f179\",\"buildId\":\"6\",\"releaseId\":\"2\",\"buildNumber\":\"6\",\"releaseName\":\"Release-2\",\"repoProvider\":\"TfsGit\",\"repoName\":\"run-aspnetcore-realworld-master\",\"collectionUrl\":\"https://dev.azure.com/ashish06928/\",\"teamProject\":\"baca1ed1-28af-446a-8948-185532cb86a2\",\"buildProjectUrl\":\"https://dev.azure.com/ashish06928/baca1ed1-28af-446a-8948-185532cb86a2\",\"repositoryUrl\":\"\",\"branch\":\"master\",\"teamProjectName\":\"SonarQube\",\"slotName\":\"production\"}",
                "start_time": "2021-09-28T16:10:49.9329274Z",
                "end_time": "2021-09-28T16:10:50.1828667Z",
                "active": true
            }
        },
        {
            "type": "Microsoft.Web/sites/hostNameBindings",
            "apiVersion": "2021-02-01",
            "name": "[concat(parameters('sites_shopingdemo_name'), '/', parameters('sites_shopingdemo_name'), '.azurewebsites.net')]",
            "location": "Central India",
            "dependsOn": [
                "[resourceId('Microsoft.Web/sites', parameters('sites_shopingdemo_name'))]"
            ],
            "properties": {
                "siteName": "shopingdemo",
                "hostNameType": "Verified"
            }
        }
    ]
}